-- MySQL dump 10.13  Distrib 8.0.27, for Win64 (x86_64)
--
-- Host: localhost    Database: library_test
-- ------------------------------------------------------
-- Server version	8.0.27

/*!40101 SET @OLD_CHARACTER_SET_CLIENT=@@CHARACTER_SET_CLIENT */;
/*!40101 SET @OLD_CHARACTER_SET_RESULTS=@@CHARACTER_SET_RESULTS */;
/*!40101 SET @OLD_COLLATION_CONNECTION=@@COLLATION_CONNECTION */;
/*!50503 SET NAMES utf8mb4 */;
/*!40103 SET @OLD_TIME_ZONE=@@TIME_ZONE */;
/*!40103 SET TIME_ZONE='+00:00' */;
/*!40014 SET @OLD_UNIQUE_CHECKS=@@UNIQUE_CHECKS, UNIQUE_CHECKS=0 */;
/*!40014 SET @OLD_FOREIGN_KEY_CHECKS=@@FOREIGN_KEY_CHECKS, FOREIGN_KEY_CHECKS=0 */;
/*!40101 SET @OLD_SQL_MODE=@@SQL_MODE, SQL_MODE='NO_AUTO_VALUE_ON_ZERO' */;
/*!40111 SET @OLD_SQL_NOTES=@@SQL_NOTES, SQL_NOTES=0 */;

--
-- Table structure for table `έντυπο`
--

DROP TABLE IF EXISTS `έντυπο`;
/*!40101 SET @saved_cs_client     = @@character_set_client */;
/*!50503 SET character_set_client = utf8mb4 */;
CREATE TABLE `έντυπο` (
  `ISBN` bigint unsigned NOT NULL,
  `Τίτλος` varchar(130) CHARACTER SET utf8 COLLATE utf8_unicode_ci NOT NULL,
  `Εκδοτικός_οίκος` varchar(40) CHARACTER SET utf8 COLLATE utf8_unicode_ci DEFAULT NULL,
  `Έκδοση` varchar(5) CHARACTER SET utf8 COLLATE utf8_unicode_ci DEFAULT NULL,
  `Ημερομηνία_Έκδοσης` smallint DEFAULT NULL,
  `DDC` varchar(30) CHARACTER SET utf8 COLLATE utf8_unicode_ci DEFAULT NULL,
  PRIMARY KEY (`ISBN`)
) ENGINE=InnoDB DEFAULT CHARSET=utf8mb3 COLLATE=utf8_unicode_ci;
/*!40101 SET character_set_client = @saved_cs_client */;

--
-- Dumping data for table `έντυπο`
--

LOCK TABLES `έντυπο` WRITE;
/*!40000 ALTER TABLE `έντυπο` DISABLE KEYS */;
INSERT INTO `έντυπο` VALUES (9780070057791,'Data mining with neural networks: solving business problems--from application development to decision support','McGraw-Hill',NULL,1996,'658.4/038/028563 '),(9780071347778,'Cisco Packetized Voice and Data Integration','Addison-Wesley Professional',NULL,1999,'004.6 '),(9780139460531,'Waves and Fields in Optoelectronics','Prentice Hall','PH',1983,'621.36/6 '),(9780201513769,'Neural networks, algorithms, applications, and programming techniques','Addison-Wesley Pub (Sd)',NULL,1991,'006.3 '),(9780470850978,'Web Server Programming','Wiley',NULL,2003,NULL),(9780792350378,'Fluctuations, information, gravity and the quantum potential','Springer',NULL,2006,'512/.57 '),(9780898711875,'Data structures and network algorithms','Industrial and Applied Mathematics',NULL,1987,'001.64/2 '),(9781107024137,'Acquisition and Analysis of Terrestrial Gravity Data','Cambridge University Press',NULL,2013,NULL),(9783540575214,'Quantum gravity, quantum cosmology and Lorentzian geometries','Springer-Verlag','2nd ',1994,'531/.14 ');
/*!40000 ALTER TABLE `έντυπο` ENABLE KEYS */;
UNLOCK TABLES;

--
-- Table structure for table `αιτείται`
--

DROP TABLE IF EXISTS `αιτείται`;
/*!40101 SET @saved_cs_client     = @@character_set_client */;
/*!50503 SET character_set_client = utf8mb4 */;
CREATE TABLE `αιτείται` (
  `Ημερομηνία_αιτ` datetime DEFAULT CURRENT_TIMESTAMP,
  `Μέλος` int unsigned NOT NULL AUTO_INCREMENT,
  `ISBN` bigint unsigned NOT NULL,
  `Κατάσταση` tinyint(1) DEFAULT '0',
  PRIMARY KEY (`Μέλος`,`ISBN`),
  KEY `Αιτείται_fk1` (`ISBN`),
  CONSTRAINT `Αιτείται_fk0` FOREIGN KEY (`Μέλος`) REFERENCES `μέλος` (`Κωδικός_μέλους`) ON DELETE CASCADE,
  CONSTRAINT `Αιτείται_fk1` FOREIGN KEY (`ISBN`) REFERENCES `έντυπο` (`ISBN`) ON DELETE CASCADE
) ENGINE=InnoDB AUTO_INCREMENT=33398845 DEFAULT CHARSET=utf8mb3 COLLATE=utf8_unicode_ci;
/*!40101 SET character_set_client = @saved_cs_client */;

--
-- Dumping data for table `αιτείται`
--

LOCK TABLES `αιτείται` WRITE;
/*!40000 ALTER TABLE `αιτείται` DISABLE KEYS */;
INSERT INTO `αιτείται` VALUES ('2022-01-15 01:47:57',32638,9783540575214,NULL),('2022-01-15 01:47:57',144634,9780070057791,NULL),('2022-01-15 01:47:57',549733,9780139460531,NULL),('2022-01-15 01:47:57',549733,9781107024137,NULL),('2022-01-15 01:47:57',923443,9780071347778,NULL),('2022-01-15 01:47:57',934632,9780898711875,NULL),('2022-01-15 01:47:57',934632,9783540575214,NULL),('2022-01-15 01:47:57',22499383,9781107024137,NULL),('2022-01-15 01:47:57',32299923,9780898711875,NULL),('2022-01-15 01:47:57',33398844,9780470850978,NULL);
/*!40000 ALTER TABLE `αιτείται` ENABLE KEYS */;
UNLOCK TABLES;

--
-- Table structure for table `ανήκει`
--

DROP TABLE IF EXISTS `ανήκει`;
/*!40101 SET @saved_cs_client     = @@character_set_client */;
/*!50503 SET character_set_client = utf8mb4 */;
CREATE TABLE `ανήκει` (
  `Βιβλιοθήκη` smallint unsigned NOT NULL,
  `Κωδ_Μέλους` int unsigned NOT NULL,
  PRIMARY KEY (`Βιβλιοθήκη`,`Κωδ_Μέλους`),
  KEY `Ανήκει_fk1` (`Κωδ_Μέλους`),
  CONSTRAINT `Ανήκει_fk0` FOREIGN KEY (`Βιβλιοθήκη`) REFERENCES `βιβλιοθήκη` (`Κωδικός_Βιβλιοθήκης`) ON DELETE CASCADE ON UPDATE CASCADE,
  CONSTRAINT `Ανήκει_fk1` FOREIGN KEY (`Κωδ_Μέλους`) REFERENCES `μέλος` (`Κωδικός_μέλους`) ON DELETE CASCADE ON UPDATE CASCADE
) ENGINE=InnoDB DEFAULT CHARSET=utf8mb3 COLLATE=utf8_unicode_ci;
/*!40101 SET character_set_client = @saved_cs_client */;

--
-- Dumping data for table `ανήκει`
--

LOCK TABLES `ανήκει` WRITE;
/*!40000 ALTER TABLE `ανήκει` DISABLE KEYS */;
INSERT INTO `ανήκει` VALUES (4,26393),(2,32638),(2,94534),(5,144634),(1,532932),(2,782347),(3,837648),(4,923443),(2,927236),(1,934632),(2,934632),(3,1119483),(1,1953453),(4,2283573),(5,3329283),(2,3926663),(5,5553883),(1,20646643),(2,22499383),(4,22938463),(3,27346663),(4,27346663),(3,32299923),(3,33044883),(1,33398844);
/*!40000 ALTER TABLE `ανήκει` ENABLE KEYS */;
UNLOCK TABLES;

--
-- Table structure for table `αντίτυπο`
--

DROP TABLE IF EXISTS `αντίτυπο`;
/*!40101 SET @saved_cs_client     = @@character_set_client */;
/*!50503 SET character_set_client = utf8mb4 */;
CREATE TABLE `αντίτυπο` (
  `ISBN` bigint unsigned NOT NULL,
  `Αριθμός_αντιτύπου` int unsigned NOT NULL,
  `Κωδικός_Βιβλιοθήκης` smallint unsigned NOT NULL,
  `Τρέχων_Κωδικός_Βιβλιοθήκης` smallint unsigned NOT NULL,
  `Βιβλιοθήκη_καταχωρητής` smallint unsigned DEFAULT NULL,
  PRIMARY KEY (`ISBN`,`Αριθμός_αντιτύπου`,`Κωδικός_Βιβλιοθήκης`),
  KEY `Αριθμός_αντιτύπου` (`Αριθμός_αντιτύπου`),
  KEY `Αντίτυπο_fk1` (`Κωδικός_Βιβλιοθήκης`),
  KEY `Αντίτυπο_fk2` (`Τρέχων_Κωδικός_Βιβλιοθήκης`),
  KEY `Αντίτυπο_fk3` (`Βιβλιοθήκη_καταχωρητής`),
  CONSTRAINT `Αντίτυπο_fk0` FOREIGN KEY (`ISBN`) REFERENCES `έντυπο` (`ISBN`) ON DELETE CASCADE ON UPDATE CASCADE,
  CONSTRAINT `Αντίτυπο_fk1` FOREIGN KEY (`Κωδικός_Βιβλιοθήκης`) REFERENCES `βιβλιοθήκη` (`Κωδικός_Βιβλιοθήκης`),
  CONSTRAINT `Αντίτυπο_fk2` FOREIGN KEY (`Τρέχων_Κωδικός_Βιβλιοθήκης`) REFERENCES `βιβλιοθήκη` (`Κωδικός_Βιβλιοθήκης`) ON UPDATE CASCADE,
  CONSTRAINT `Αντίτυπο_fk3` FOREIGN KEY (`Βιβλιοθήκη_καταχωρητής`) REFERENCES `βιβλιοθήκη` (`Κωδικός_Βιβλιοθήκης`) ON DELETE SET NULL ON UPDATE CASCADE
) ENGINE=InnoDB DEFAULT CHARSET=utf8mb3 COLLATE=utf8_unicode_ci;
/*!40101 SET character_set_client = @saved_cs_client */;

--
-- Dumping data for table `αντίτυπο`
--

LOCK TABLES `αντίτυπο` WRITE;
/*!40000 ALTER TABLE `αντίτυπο` DISABLE KEYS */;
INSERT INTO `αντίτυπο` VALUES (9780071347778,9567777,2,2,2),(9780139460531,555587,5,2,1),(9780139460531,7362546,4,3,5),(9780139460531,76536799,2,4,3),(9780139460531,835676766,4,1,2),(9780201513769,234234,3,4,5),(9780201513769,79465726,5,5,5),(9780792350378,564562,4,4,3),(9780792350378,4234324,3,3,3),(9780898711875,98356,5,5,1),(9780898711875,423647,5,4,4),(9780898711875,5682835,2,4,5),(9780898711875,56765622,5,2,1),(9780898711875,73322244,5,3,1),(9781107024137,967487,2,1,1),(9781107024137,7245756,4,4,4),(9783540575214,83567,2,1,1),(9783540575214,253454,1,4,2),(9783540575214,345345,1,1,4),(9783540575214,735654,2,2,2),(9783540575214,985676,3,5,3),(9783540575214,2453454,1,1,1),(9783540575214,4578245,3,3,2),(9783540575214,7456745,1,2,3),(9783540575214,9873456,1,2,4);
/*!40000 ALTER TABLE `αντίτυπο` ENABLE KEYS */;
UNLOCK TABLES;

--
-- Table structure for table `αρ_τηλ_βιβλιοθήκης`
--

DROP TABLE IF EXISTS `αρ_τηλ_βιβλιοθήκης`;
/*!40101 SET @saved_cs_client     = @@character_set_client */;
/*!50503 SET character_set_client = utf8mb4 */;
CREATE TABLE `αρ_τηλ_βιβλιοθήκης` (
  `Κωδικός_Βιβλιοθήκης` smallint unsigned NOT NULL,
  `Τηλέφωνο_Βιβλ` varchar(18) CHARACTER SET utf8 COLLATE utf8_unicode_ci NOT NULL,
  PRIMARY KEY (`Κωδικός_Βιβλιοθήκης`,`Τηλέφωνο_Βιβλ`),
  CONSTRAINT `Αρ_Τηλ_Βιβλιοθήκης_fk0` FOREIGN KEY (`Κωδικός_Βιβλιοθήκης`) REFERENCES `βιβλιοθήκη` (`Κωδικός_Βιβλιοθήκης`) ON DELETE CASCADE ON UPDATE CASCADE
) ENGINE=InnoDB DEFAULT CHARSET=utf8mb3 COLLATE=utf8_unicode_ci;
/*!40101 SET character_set_client = @saved_cs_client */;

--
-- Dumping data for table `αρ_τηλ_βιβλιοθήκης`
--

LOCK TABLES `αρ_τηλ_βιβλιοθήκης` WRITE;
/*!40000 ALTER TABLE `αρ_τηλ_βιβλιοθήκης` DISABLE KEYS */;
INSERT INTO `αρ_τηλ_βιβλιοθήκης` VALUES (1,'27493830'),(1,'27895004'),(2,'27895003'),(3,'25839217'),(4,'26773009'),(5,'27584037');
/*!40000 ALTER TABLE `αρ_τηλ_βιβλιοθήκης` ENABLE KEYS */;
UNLOCK TABLES;

--
-- Table structure for table `βιβλιοθήκη`
--

DROP TABLE IF EXISTS `βιβλιοθήκη`;
/*!40101 SET @saved_cs_client     = @@character_set_client */;
/*!50503 SET character_set_client = utf8mb4 */;
CREATE TABLE `βιβλιοθήκη` (
  `Κωδικός_Βιβλιοθήκης` smallint unsigned NOT NULL AUTO_INCREMENT,
  `Όνομα` varchar(40) CHARACTER SET utf8 COLLATE utf8_unicode_ci NOT NULL,
  `Οδός` varchar(30) CHARACTER SET utf8 COLLATE utf8_unicode_ci DEFAULT NULL,
  `ΤΚ` int DEFAULT NULL,
  `Πόλη` varchar(30) CHARACTER SET utf8 COLLATE utf8_unicode_ci NOT NULL,
  PRIMARY KEY (`Κωδικός_Βιβλιοθήκης`)
) ENGINE=InnoDB AUTO_INCREMENT=6 DEFAULT CHARSET=utf8mb3 COLLATE=utf8_unicode_ci;
/*!40101 SET character_set_client = @saved_cs_client */;

--
-- Dumping data for table `βιβλιοθήκη`
--

LOCK TABLES `βιβλιοθήκη` WRITE;
/*!40000 ALTER TABLE `βιβλιοθήκη` DISABLE KEYS */;
INSERT INTO `βιβλιοθήκη` VALUES (1,'ΔΑΝΕΙΣΤΙΚΗ ΒΙΒΛΙΟΘΗΚΗ ΑΘΗΝΩΝ','ΧΕΙΡΩΝΟΣ 238',37299,'ΑΘΗΝΑ'),(2,'ΑΠΟΚΕΝΤΡΗ ΒΙΒΛΙΟΘΗΚΗ ΑΘΗΝΩΝ','ΚΙΑΦΑΣ 32',23423,'ΑΘΗΝΑ'),(3,'ΒΙΒΛΙΟΘΗΚΗ ΠΑΤΡΩΝ 1987','ΘΕΤΙΔΩΣ 333',74356,'ΠΑΤΡΑ'),(4,'ΒΙΒΛΙΟΘΗΚΗ ΕΜΠΟΡΙΚΟΥ Κ. ΘΕΣΣΑΛΟΝΙΚΗΣ','ΕΡΜΙΠΤΟΥ 221',98467,'ΘΕΣΣΑΛΟΝΙΚΗ'),(5,'ΔΑΝΕΙΣΤΙΚΗ ΒΙΒΛΙΟΘΗΚΗ ΧΑΝΙΩΝ','ΕΠΙΧΑΡΜΟΥ 326',87476,'ΧΑΝΙΑ');
/*!40000 ALTER TABLE `βιβλιοθήκη` ENABLE KEYS */;
UNLOCK TABLES;

--
-- Table structure for table `δανεισμός`
--

DROP TABLE IF EXISTS `δανεισμός`;
/*!40101 SET @saved_cs_client     = @@character_set_client */;
/*!50503 SET character_set_client = utf8mb4 */;
CREATE TABLE `δανεισμός` (
  `Κωδικός_δανεισμού` int NOT NULL AUTO_INCREMENT,
  `Κωδικός_μέλους` int unsigned NOT NULL,
  `ISBN` bigint unsigned NOT NULL,
  `Αρ_αντιτύπου` int unsigned NOT NULL,
  `Ημερομηνία_δανεισμού` datetime DEFAULT CURRENT_TIMESTAMP,
  `Ημερομηνία_που_επιστράφηκε` datetime DEFAULT NULL,
  `Βιβλιοθήκη_καταχώρησης_δανεισμού` smallint unsigned DEFAULT NULL,
  `Βιβλιοθήκη_καταχώρησης_επιστροφής` smallint unsigned DEFAULT NULL,
  `Κωδικός_βιβλιοθήκης_αντιτύπου` smallint unsigned DEFAULT NULL,
  PRIMARY KEY (`Κωδικός_δανεισμού`),
  KEY `Δανεισμός_fk0` (`Κωδικός_μέλους`),
  KEY `Δανεισμός_fk1` (`ISBN`),
  KEY `Δανεισμός_fk2` (`Αρ_αντιτύπου`),
  KEY `Δανεισμός_fk3` (`Βιβλιοθήκη_καταχώρησης_δανεισμού`),
  KEY `Δανεισμός_fk4` (`Βιβλιοθήκη_καταχώρησης_επιστροφής`),
  KEY `Δανεισμός_fk5` (`Κωδικός_βιβλιοθήκης_αντιτύπου`),
  CONSTRAINT `Δανεισμός_fk0` FOREIGN KEY (`Κωδικός_μέλους`) REFERENCES `μέλος` (`Κωδικός_μέλους`),
  CONSTRAINT `Δανεισμός_fk1` FOREIGN KEY (`ISBN`) REFERENCES `αντίτυπο` (`ISBN`) ON UPDATE CASCADE,
  CONSTRAINT `Δανεισμός_fk2` FOREIGN KEY (`Αρ_αντιτύπου`) REFERENCES `αντίτυπο` (`Αριθμός_αντιτύπου`) ON UPDATE CASCADE,
  CONSTRAINT `Δανεισμός_fk3` FOREIGN KEY (`Βιβλιοθήκη_καταχώρησης_δανεισμού`) REFERENCES `βιβλιοθήκη` (`Κωδικός_Βιβλιοθήκης`) ON DELETE SET NULL,
  CONSTRAINT `Δανεισμός_fk4` FOREIGN KEY (`Βιβλιοθήκη_καταχώρησης_επιστροφής`) REFERENCES `βιβλιοθήκη` (`Κωδικός_Βιβλιοθήκης`) ON DELETE SET NULL,
  CONSTRAINT `Δανεισμός_fk5` FOREIGN KEY (`Κωδικός_βιβλιοθήκης_αντιτύπου`) REFERENCES `αντίτυπο` (`Κωδικός_Βιβλιοθήκης`) ON DELETE SET NULL
) ENGINE=InnoDB AUTO_INCREMENT=12 DEFAULT CHARSET=utf8mb3 COLLATE=utf8_unicode_ci;
/*!40101 SET character_set_client = @saved_cs_client */;

--
-- Dumping data for table `δανεισμός`
--

LOCK TABLES `δανεισμός` WRITE;
/*!40000 ALTER TABLE `δανεισμός` DISABLE KEYS */;
INSERT INTO `δανεισμός` VALUES (1,934632,9780071347778,9567777,'2022-01-15 01:47:58',NULL,2,NULL,2),(2,94534,9780139460531,555587,'2022-01-15 01:47:58',NULL,2,NULL,5),(3,94534,9780201513769,234234,'2022-01-15 01:47:58',NULL,4,NULL,3),(4,32638,9783540575214,345345,'2022-01-15 01:47:58','2022-01-05 00:00:00',4,1,1),(5,1953453,9783540575214,4578245,'2022-01-15 01:47:58',NULL,3,NULL,3),(6,1953453,9780898711875,83567,'2022-01-15 01:47:58','2022-01-05 00:00:00',4,3,2),(9,33398844,9780139460531,835676766,'2022-01-15 01:47:58','2020-04-03 00:00:00',4,1,4),(10,3926663,9783540575214,9873456,'2022-01-15 01:47:58',NULL,1,NULL,1),(11,3329283,9783540575214,9873456,'2022-01-15 01:47:58','2021-01-21 00:00:00',1,1,1);
/*!40000 ALTER TABLE `δανεισμός` ENABLE KEYS */;
UNLOCK TABLES;

--
-- Table structure for table `επιλέγει`
--

DROP TABLE IF EXISTS `επιλέγει`;
/*!40101 SET @saved_cs_client     = @@character_set_client */;
/*!50503 SET character_set_client = utf8mb4 */;
CREATE TABLE `επιλέγει` (
  `Κωδ_μέλους` int unsigned NOT NULL,
  `Όνομα_κατηγορίας` varchar(30) CHARACTER SET utf8 COLLATE utf8_unicode_ci NOT NULL,
  PRIMARY KEY (`Κωδ_μέλους`,`Όνομα_κατηγορίας`),
  KEY `Επιλέγει_fk1` (`Όνομα_κατηγορίας`),
  CONSTRAINT `Επιλέγει_fk0` FOREIGN KEY (`Κωδ_μέλους`) REFERENCES `μέλος` (`Κωδικός_μέλους`) ON DELETE CASCADE,
  CONSTRAINT `Επιλέγει_fk1` FOREIGN KEY (`Όνομα_κατηγορίας`) REFERENCES `κατηγορία` (`Όνομα`) ON DELETE CASCADE ON UPDATE CASCADE
) ENGINE=InnoDB DEFAULT CHARSET=utf8mb3 COLLATE=utf8_unicode_ci;
/*!40101 SET character_set_client = @saved_cs_client */;

--
-- Dumping data for table `επιλέγει`
--

LOCK TABLES `επιλέγει` WRITE;
/*!40000 ALTER TABLE `επιλέγει` DISABLE KEYS */;
INSERT INTO `επιλέγει` VALUES (923443,'ΔΕΔΟΜΕΝΑ'),(934632,'ΔΕΔΟΜΕΝΑ'),(22499383,'ΔΕΔΟΜΕΝΑ'),(27346663,'ΔΕΔΟΜΕΝΑ'),(345345,'ΔΙΚΤΥΑ'),(22938463,'ΔΙΚΤΥΑ'),(33044883,'ΔΙΚΤΥΑ'),(3926663,'ΕΠΙΣΤΗΜΗ'),(32299923,'ΕΠΙΣΤΗΜΗ'),(33398844,'ΕΠΙΣΤΗΜΗ'),(549733,'ΗΛΕΚΤΡΟΝΙΚΗ'),(923443,'ΗΛΕΚΤΡΟΝΙΚΗ'),(934632,'ΗΛΕΚΤΡΟΝΙΚΗ'),(3926663,'ΗΛΕΚΤΡΟΝΙΚΗ'),(923443,'ΚΒΑΝΤΙΚΗ ΦΥΣΙΚΗ'),(927236,'ΚΒΑΝΤΙΚΗ ΦΥΣΙΚΗ'),(3926663,'ΚΒΑΝΤΙΚΗ ΦΥΣΙΚΗ'),(94534,'ΠΡΟΓΡΑΜΜΑΤΙΣΜΟΣ'),(27346663,'ΠΡΟΓΡΑΜΜΑΤΙΣΜΟΣ'),(33398844,'ΠΡΟΓΡΑΜΜΑΤΙΣΜΟΣ');
/*!40000 ALTER TABLE `επιλέγει` ENABLE KEYS */;
UNLOCK TABLES;

--
-- Table structure for table `επιλογές_συνδρομής`
--

DROP TABLE IF EXISTS `επιλογές_συνδρομής`;
/*!40101 SET @saved_cs_client     = @@character_set_client */;
/*!50503 SET character_set_client = utf8mb4 */;
CREATE TABLE `επιλογές_συνδρομής` (
  `Κωδικός_συνδρομής` tinyint unsigned NOT NULL AUTO_INCREMENT,
  `Διάρκεια` varchar(20) CHARACTER SET utf8 COLLATE utf8_unicode_ci DEFAULT NULL,
  `Τιμή` float DEFAULT NULL,
  `Διάρκεια_δανεισμού` varchar(15) CHARACTER SET utf8 COLLATE utf8_unicode_ci DEFAULT NULL,
  `Επιβάρυνση_καθυστέρησης_ασυνέπειας` float DEFAULT NULL,
  `Όριο_δανεισμών` smallint unsigned DEFAULT NULL,
  PRIMARY KEY (`Κωδικός_συνδρομής`)
) ENGINE=InnoDB AUTO_INCREMENT=7 DEFAULT CHARSET=utf8mb3 COLLATE=utf8_unicode_ci;
/*!40101 SET character_set_client = @saved_cs_client */;

--
-- Dumping data for table `επιλογές_συνδρομής`
--

LOCK TABLES `επιλογές_συνδρομής` WRITE;
/*!40000 ALTER TABLE `επιλογές_συνδρομής` DISABLE KEYS */;
INSERT INTO `επιλογές_συνδρομής` VALUES (1,'1',4,'10',1,1),(2,'2',6,'15',0.9,2),(3,'3',7.5,'20',0.8,3),(4,'6',9,'25',0.7,4),(5,'9',10,'30',0.6,6),(6,'12',11,'38',0.4,8);
/*!40000 ALTER TABLE `επιλογές_συνδρομής` ENABLE KEYS */;
UNLOCK TABLES;

--
-- Temporary view structure for view `θέσεις_βιβλίων`
--

DROP TABLE IF EXISTS `θέσεις_βιβλίων`;
/*!50001 DROP VIEW IF EXISTS `θέσεις_βιβλίων`*/;
SET @saved_cs_client     = @@character_set_client;
/*!50503 SET character_set_client = utf8mb4 */;
/*!50001 CREATE VIEW `θέσεις_βιβλίων` AS SELECT 
 1 AS `ISBN`,
 1 AS `Αριθμός_αντιτύπου`,
 1 AS `Κωδικός_Βιβλιοθήκης`,
 1 AS `Βιβλιοθήκη_τώρα`,
 1 AS `Μεταφέρεται_σε`,
 1 AS `Δανεισμένο_σε`*/;
SET character_set_client = @saved_cs_client;

--
-- Table structure for table `κατηγορία`
--

DROP TABLE IF EXISTS `κατηγορία`;
/*!40101 SET @saved_cs_client     = @@character_set_client */;
/*!50503 SET character_set_client = utf8mb4 */;
CREATE TABLE `κατηγορία` (
  `Όνομα` varchar(30) CHARACTER SET utf8 COLLATE utf8_unicode_ci NOT NULL,
  PRIMARY KEY (`Όνομα`)
) ENGINE=InnoDB DEFAULT CHARSET=utf8mb3 COLLATE=utf8_unicode_ci;
/*!40101 SET character_set_client = @saved_cs_client */;

--
-- Dumping data for table `κατηγορία`
--

LOCK TABLES `κατηγορία` WRITE;
/*!40000 ALTER TABLE `κατηγορία` DISABLE KEYS */;
INSERT INTO `κατηγορία` VALUES ('ΔΕΔΟΜΕΝΑ'),('ΔΙΚΤΥΑ'),('ΕΠΙΣΤΗΜΗ'),('ΗΛΕΚΤΡΟΝΙΚΗ'),('ΚΒΑΝΤΙΚΗ ΦΥΣΙΚΗ'),('ΠΡΟΓΡΑΜΜΑΤΙΣΜΟΣ');
/*!40000 ALTER TABLE `κατηγορία` ENABLE KEYS */;
UNLOCK TABLES;

--
-- Table structure for table `μέλος`
--

DROP TABLE IF EXISTS `μέλος`;
/*!40101 SET @saved_cs_client     = @@character_set_client */;
/*!50503 SET character_set_client = utf8mb4 */;
CREATE TABLE `μέλος` (
  `Κωδικός_μέλους` int unsigned NOT NULL AUTO_INCREMENT,
  `Όνομα` varchar(30) CHARACTER SET utf8 COLLATE utf8_unicode_ci NOT NULL,
  `Επίθετο` varchar(30) CHARACTER SET utf8 COLLATE utf8_unicode_ci DEFAULT NULL,
  `Οδός` varchar(30) CHARACTER SET utf8 COLLATE utf8_unicode_ci DEFAULT NULL,
  `Πόλη` varchar(30) CHARACTER SET utf8 COLLATE utf8_unicode_ci NOT NULL,
  `ΤΚ` int DEFAULT NULL,
  `Ημερομηνία_Εγγραφής` datetime DEFAULT CURRENT_TIMESTAMP,
  `email` varchar(40) CHARACTER SET utf8 COLLATE utf8_unicode_ci NOT NULL,
  `Κωδικός_πρόσβασης` varchar(40) CHARACTER SET utf8 COLLATE utf8_unicode_ci NOT NULL,
  PRIMARY KEY (`Κωδικός_μέλους`)
) ENGINE=InnoDB AUTO_INCREMENT=33398845 DEFAULT CHARSET=utf8mb3 COLLATE=utf8_unicode_ci;
/*!40101 SET character_set_client = @saved_cs_client */;

--
-- Dumping data for table `μέλος`
--

LOCK TABLES `μέλος` WRITE;
/*!40000 ALTER TABLE `μέλος` DISABLE KEYS */;
INSERT INTO `μέλος` VALUES (26393,'ΜΕΝΙΑ','ΜΙΧΑΗΛΙΔΟΥ','ΔΕΛΦΩΝ 292','ΑΘΗΝΑ',13463,'2022-01-15 01:47:58','menia@gmail.com','1234214@#g'),(32638,'ΧΡΥΣΑ','ΝΙΚΟΛΑΚΟΠΟΥΛΟΥ','ΓΟΥΝΑΡΑΚΗ 21','ΙΩΑΝΝΙΝΑ',NULL,'2022-01-15 01:47:58','xrysa@gmail.com','2345345*g'),(94534,'ΕΥΑ','ΚΗΤΣΟΥ','ΑΙΓΛΗΣ  33','ΑΘΗΝΑ',NULL,'2022-01-15 01:47:58','eva@gmail.com','hbhj&GYBUJ'),(144634,'ΓΙΑΝΝΗΣ','ΓΕΩΡΓΙΟΥ','ΑΘΑΜΑΝΙΑΣ 22','ΘΕΣΣΑΛΟΝΙΚΗ',13423,'2022-01-15 01:47:58','giannhs@yahoo.com','VGY%^7'),(345345,'ΝΙΚΟΣ','ΠΑΠΑΜΙΧΑΗΛ','ΑΓΑΘΙΟΥ 89','ΠΑΤΡΑ',22652,'2022-01-15 01:47:58','nikos@gmail.com','NHGVGHU656&*I'),(532932,'ΔΗΜΗΤΡΗΣ','ΚΟΥΡΑΚΗΣ','ΓΕΜΙΝΟΥ 102','ΙΣΤΙΑΙΑ',94366,'2022-01-15 01:47:58','dimitris@company.com','VGGHU5r67yBJ(*7'),(549733,'ΒΙΚΤΩΡΙΑ','ΕΛΕΥΘΕΡΙΑΔΟΥ','ΥΔΡΑΣ 39','ΑΡΤΑ',NULL,'2022-01-15 01:47:58','viktwria@company.com',' CDW@#'),(782347,'ΜΑΝΩΛΗΣ','ΖΑΝΟΣ','ΕΚΑΛΗΣ 22','ΑΘΗΝΑ',NULL,'2022-01-15 01:47:58','manwlhs@yahoo.com','S!@#$%TG'),(837648,'ΣΠΥΡΟΣ','ΠΑΠΑΜΙΧΑΗΛ','ΑΝΥΜΕΔΟΝΤΟΣ 20','ΒΟΛΟΣ',75435,'2022-01-15 01:47:58','spyros@companyname.com','GFG54567TFGh'),(923443,'ΣΑΡΑΝΤΗΣ','ΧΡΗΣΤΟΠΟΥΛΟΣ','ΔΑΜΙΡΑΛΗ 282','ΒΟΛΟΣ',NULL,'2022-01-15 01:47:58','saranths@companyname.gr','BVFE#$%^'),(927236,'ΠΕΤΡΟΣ','ΓΕΩΡΓΑΚΟΠΟΥΛΟΣ','ΑΚΑΣΤΟΥ 98','ΠΑΤΡΑ',64565,'2022-01-15 01:47:58','petros@compamyname.com','GFE$%^&'),(934632,'ΦΑΝΗ','ΑΘΑΝΑΣΙΟΥ','ΖΗΛΩΝ 152','ΒΟΛΟΣ',23455,'2022-01-15 01:47:58','fanh@gmail.com','NBGF#$%^'),(1119483,'ΣΠΥΡΙΔΟΥΛΑ','ΘΑΝΟΥ','ΕΡΑΤΥΡΑΣ 32','ΑΘΗΝΑ',45765,'2022-01-15 01:47:58','spyridoula@outlook.com','NGFDE#$%'),(1953453,'ΓΕΩΡΓΙΑ','ΣΤΑΥΡΟΥ','ΒΟΥΚΟΥΡΕΣΤΙΟΥ 10','ΗΓΟΥΜΕΝΙΤΣΑ',76345,'2022-01-15 01:47:58','gewrgia@company.com','GFDW@#$%^\\'),(2283573,'ΚΩΣΤΑΣ','ΓΟΥΔΗΣ','ΕΥΒΟΙΑΣ 199','ΠΑΤΡΑ',64562,'2022-01-15 01:47:58','kwstas@company.com','gfds34%^\\'),(3329283,'ΜΙΛΤΟΣ','ΗΛΙΑΔΗΣ','ΘΕΡΙΣΟΥ 56','ΘΕΣΣΑΛΟΝΙΚΗ',NULL,'2022-01-15 01:47:58','miltos@outlook.com','r4324tfgsdfg'),(3926663,'ΛΟΥΚΑΣ','ΑΛΕΞΙΟΥ','ΗΡΑΚΛΕΟΥΣ 143','ΗΓΟΥΜΕΝΙΤΣΑ',87676,'2022-01-15 01:47:58','loukas@yahoo.com','52345gsdg'),(5553883,'ΒΑΣΙΛΙΚΗ','ΑΡΓΥΡΑΚΗ','ΦΙΛΙΝΟΥ 46','ΜΕΣΟΛΟΓΓΙ',34233,'2022-01-15 01:47:58','vasw@gmail.com','4523erdsfg'),(20646643,'ΠΑΝΟΣ','ΑΝΤΩΝΙΑΔΗΣ','ΘΕΜΙΣΚΥΡΑΣ 21','ΧΑΝΙΑ',NULL,'2022-01-15 01:47:58','panos@gmail.com','g31retgergdf'),(22499383,'ΑΘΗΝΑ','ΔΟΞΑΡΑ','ΤΑΥΡΙΔΟΣ 38','ΣΕΡΡΕΣ',2346,'2022-01-15 01:47:58','athhna@company.com','rhjhgt^*j'),(22938463,'ΘΑΛΕΙΑ','ΓΕΡΜΑΝΟΥ','ΧΑΝΣΕΝ 188','ΠΑΤΡΑ',92346,'2022-01-15 01:47:58','thaleia@company.gr','jhgd$%^&h'),(23499992,'ΚΩΝΣΤΑΝΤΙΝΑ','ΕΥΘΥΜΙΑΔΟΥ','ΙΚΑΡΙΑΣ 34','ΚΑΛΑΜΑΤΑ',74003,'2022-01-15 01:47:58','kwnst@company.gr','hgfrtyuh%^'),(27346663,'ΜΕΝΕΛΑΟΣ','ΑΝΔΡΕΑΔΗΣ','ΙΑΚΧΟΥ 26','ΚΑΒΑΛΑ',23455,'2022-01-15 01:47:58','menelaos@company.gr','jfdh65yhr'),(32299923,'ΖΗΣΗΣ','ΖΕΡΒΟΣ','ΙΒΥΚΟΥ 63','ΛΑΜΙΑ',96578,'2022-01-15 01:47:58','zisis@company.gr','gdfg54gfg'),(33044883,'ΣΟΦΙΑ','ΚΟΚΚΙΝΑΚΗ','ΚΑΛΛΙΠΟΥ 183','ΞΑΝΘΗ',33726,'2022-01-15 01:47:58','sofia@company.gr','bvcxb45'),(33292346,'ΣΑΒΒΑΣ','ΙΩΑΝΝΟΥ','ΘΥΑΜΙΔΟΣ 98','ΛΑΡΙΣΑ',73455,'2022-01-15 01:47:58','savvas@gmail.com','vfxcv35yghf'),(33398844,'ΖΩΗ','ΔΗΜΑΚΟΠΟΥΛΟΥ','ΧΙΜΑΙΡΑΣ 322','ΙΩΑΝΝΙΝΑ',34023,'2022-01-15 01:47:58','zwh@gmail.com','567^&^&hh');
/*!40000 ALTER TABLE `μέλος` ENABLE KEYS */;
UNLOCK TABLES;

--
-- Table structure for table `μεταφορά`
--

DROP TABLE IF EXISTS `μεταφορά`;
/*!40101 SET @saved_cs_client     = @@character_set_client */;
/*!50503 SET character_set_client = utf8mb4 */;
CREATE TABLE `μεταφορά` (
  `Κωδικός_μεταφοράς` int unsigned NOT NULL AUTO_INCREMENT,
  `Κωδικός_Βιβλιοθήκης_προορισμού` smallint unsigned NOT NULL,
  `Βιβλιοθήκη_προέλευσης` smallint unsigned NOT NULL,
  `Ημερομηνία` datetime DEFAULT CURRENT_TIMESTAMP,
  `Κατάσταση_παραλαβής` tinyint(1) DEFAULT '0',
  PRIMARY KEY (`Κωδικός_μεταφοράς`),
  KEY `Μεταφορά_fk0` (`Κωδικός_Βιβλιοθήκης_προορισμού`),
  KEY `Μεταφορά_fk1` (`Βιβλιοθήκη_προέλευσης`),
  CONSTRAINT `Μεταφορά_fk0` FOREIGN KEY (`Κωδικός_Βιβλιοθήκης_προορισμού`) REFERENCES `βιβλιοθήκη` (`Κωδικός_Βιβλιοθήκης`) ON UPDATE CASCADE,
  CONSTRAINT `Μεταφορά_fk1` FOREIGN KEY (`Βιβλιοθήκη_προέλευσης`) REFERENCES `βιβλιοθήκη` (`Κωδικός_Βιβλιοθήκης`) ON UPDATE CASCADE
) ENGINE=InnoDB AUTO_INCREMENT=932846240 DEFAULT CHARSET=utf8mb3 COLLATE=utf8_unicode_ci;
/*!40101 SET character_set_client = @saved_cs_client */;

--
-- Dumping data for table `μεταφορά`
--

LOCK TABLES `μεταφορά` WRITE;
/*!40000 ALTER TABLE `μεταφορά` DISABLE KEYS */;
INSERT INTO `μεταφορά` VALUES (53688,5,1,'2022-01-15 01:47:58',0),(928363,5,4,'2022-01-15 01:47:58',0),(1231243,1,2,'2022-01-15 01:47:58',1),(2734453,2,5,'2022-01-15 01:47:58',0),(2838238,1,3,'2022-01-15 01:47:58',0),(9373623,3,4,'2022-01-15 01:47:58',0),(37326238,4,2,'2022-01-15 01:47:58',0),(932846239,3,1,'2022-01-15 01:47:58',1);
/*!40000 ALTER TABLE `μεταφορά` ENABLE KEYS */;
UNLOCK TABLES;

--
-- Table structure for table `περιέχει`
--

DROP TABLE IF EXISTS `περιέχει`;
/*!40101 SET @saved_cs_client     = @@character_set_client */;
/*!50503 SET character_set_client = utf8mb4 */;
CREATE TABLE `περιέχει` (
  `ISBN` bigint unsigned NOT NULL,
  `Αρ_αντιτύπου` int unsigned NOT NULL,
  `Κωδ_Βιβλιοθήκης` smallint unsigned NOT NULL,
  `Κωδ_μεταφοράς` int unsigned NOT NULL,
  PRIMARY KEY (`ISBN`,`Αρ_αντιτύπου`,`Κωδ_Βιβλιοθήκης`,`Κωδ_μεταφοράς`),
  KEY `Περιέχει_fk1` (`Αρ_αντιτύπου`),
  KEY `Περιέχει_fk2` (`Κωδ_Βιβλιοθήκης`),
  KEY `Περιέχει_fk3` (`Κωδ_μεταφοράς`),
  KEY `Περιέχει_fk0` (`ISBN`),
  CONSTRAINT `Περιέχει_fk0` FOREIGN KEY (`ISBN`) REFERENCES `αντίτυπο` (`ISBN`) ON UPDATE CASCADE,
  CONSTRAINT `Περιέχει_fk1` FOREIGN KEY (`Αρ_αντιτύπου`) REFERENCES `αντίτυπο` (`Αριθμός_αντιτύπου`) ON UPDATE CASCADE,
  CONSTRAINT `Περιέχει_fk2` FOREIGN KEY (`Κωδ_Βιβλιοθήκης`) REFERENCES `αντίτυπο` (`Κωδικός_Βιβλιοθήκης`) ON UPDATE CASCADE,
  CONSTRAINT `Περιέχει_fk3` FOREIGN KEY (`Κωδ_μεταφοράς`) REFERENCES `μεταφορά` (`Κωδικός_μεταφοράς`) ON UPDATE CASCADE
) ENGINE=InnoDB DEFAULT CHARSET=utf8mb3 COLLATE=utf8_unicode_ci;
/*!40101 SET character_set_client = @saved_cs_client */;

--
-- Dumping data for table `περιέχει`
--

LOCK TABLES `περιέχει` WRITE;
/*!40000 ALTER TABLE `περιέχει` DISABLE KEYS */;
INSERT INTO `περιέχει` VALUES (9783540575214,253454,1,53688),(9783540575214,2453454,1,932846239),(9780898711875,5682835,2,1231243);
/*!40000 ALTER TABLE `περιέχει` ENABLE KEYS */;
UNLOCK TABLES;

--
-- Table structure for table `περιλαμβλανει`
--

DROP TABLE IF EXISTS `περιλαμβλανει`;
/*!40101 SET @saved_cs_client     = @@character_set_client */;
/*!50503 SET character_set_client = utf8mb4 */;
CREATE TABLE `περιλαμβλανει` (
  `ISBN` bigint unsigned NOT NULL,
  `Κατηγορία` varchar(30) CHARACTER SET utf8 COLLATE utf8_unicode_ci NOT NULL,
  PRIMARY KEY (`ISBN`,`Κατηγορία`),
  KEY `Περιλαμβλανει_fk1` (`Κατηγορία`),
  CONSTRAINT `Περιλαμβλανει_fk0` FOREIGN KEY (`ISBN`) REFERENCES `έντυπο` (`ISBN`) ON DELETE CASCADE,
  CONSTRAINT `Περιλαμβλανει_fk1` FOREIGN KEY (`Κατηγορία`) REFERENCES `κατηγορία` (`Όνομα`) ON DELETE CASCADE ON UPDATE CASCADE
) ENGINE=InnoDB DEFAULT CHARSET=utf8mb3 COLLATE=utf8_unicode_ci;
/*!40101 SET character_set_client = @saved_cs_client */;

--
-- Dumping data for table `περιλαμβλανει`
--

LOCK TABLES `περιλαμβλανει` WRITE;
/*!40000 ALTER TABLE `περιλαμβλανει` DISABLE KEYS */;
INSERT INTO `περιλαμβλανει` VALUES (9780071347778,'ΔΕΔΟΜΕΝΑ'),(9780470850978,'ΔΕΔΟΜΕΝΑ'),(9780792350378,'ΔΕΔΟΜΕΝΑ'),(9780898711875,'ΔΕΔΟΜΕΝΑ'),(9780201513769,'ΔΙΚΤΥΑ'),(9780470850978,'ΔΙΚΤΥΑ'),(9780898711875,'ΔΙΚΤΥΑ'),(9780071347778,'ΕΠΙΣΤΗΜΗ'),(9780139460531,'ΕΠΙΣΤΗΜΗ'),(9780201513769,'ΕΠΙΣΤΗΜΗ'),(9780470850978,'ΕΠΙΣΤΗΜΗ'),(9780792350378,'ΕΠΙΣΤΗΜΗ'),(9780898711875,'ΕΠΙΣΤΗΜΗ'),(9781107024137,'ΕΠΙΣΤΗΜΗ'),(9783540575214,'ΕΠΙΣΤΗΜΗ'),(9780139460531,'ΗΛΕΚΤΡΟΝΙΚΗ'),(9783540575214,'ΚΒΑΝΤΙΚΗ ΦΥΣΙΚΗ'),(9780201513769,'ΠΡΟΓΡΑΜΜΑΤΙΣΜΟΣ'),(9780898711875,'ΠΡΟΓΡΑΜΜΑΤΙΣΜΟΣ');
/*!40000 ALTER TABLE `περιλαμβλανει` ENABLE KEYS */;
UNLOCK TABLES;

--
-- Table structure for table `συγγραφείς`
--

DROP TABLE IF EXISTS `συγγραφείς`;
/*!40101 SET @saved_cs_client     = @@character_set_client */;
/*!50503 SET character_set_client = utf8mb4 */;
CREATE TABLE `συγγραφείς` (
  `Συγγραφέας` varchar(40) CHARACTER SET utf8 COLLATE utf8_unicode_ci NOT NULL,
  `ISBN` bigint unsigned NOT NULL,
  `Κατάσταση_παραλαβής` tinyint(1) NOT NULL,
  PRIMARY KEY (`Συγγραφέας`,`ISBN`),
  KEY `Συγγραφείς_FK` (`ISBN`),
  CONSTRAINT `Συγγραφείς_FK` FOREIGN KEY (`ISBN`) REFERENCES `έντυπο` (`ISBN`) ON DELETE CASCADE ON UPDATE CASCADE
) ENGINE=InnoDB DEFAULT CHARSET=utf8mb3 COLLATE=utf8_unicode_ci;
/*!40101 SET character_set_client = @saved_cs_client */;

--
-- Dumping data for table `συγγραφείς`
--

LOCK TABLES `συγγραφείς` WRITE;
/*!40000 ALTER TABLE `συγγραφείς` DISABLE KEYS */;
INSERT INTO `συγγραφείς` VALUES (' Klaus Habetha',9780792350378,0),('David M. Skapura',9780201513769,0),('Gerhard Jank',9780792350378,0),('Giampiero Esposito',9783540575214,0),('Hermann A. Haus',9780139460531,0),('James A. Freeman',9780201513769,0),('Joseph P. Bigus',9780070057791,0),('Neil Gray',9780470850978,0),('Robert Caputo',9780071347778,0),('Robert Endre Tarjan',9780898711875,0),('Volker Dietrich',9780792350378,0);
/*!40000 ALTER TABLE `συγγραφείς` ENABLE KEYS */;
UNLOCK TABLES;

--
-- Table structure for table `συνδρομή`
--

DROP TABLE IF EXISTS `συνδρομή`;
/*!40101 SET @saved_cs_client     = @@character_set_client */;
/*!50503 SET character_set_client = utf8mb4 */;
CREATE TABLE `συνδρομή` (
  `Αριθμός_συνδρομής` int unsigned NOT NULL AUTO_INCREMENT,
  `Ημερομηνία_έναρξης` datetime NOT NULL DEFAULT CURRENT_TIMESTAMP,
  `Ημερομηνία_λήξης` datetime DEFAULT NULL,
  `Κωδ_μέλους` int unsigned NOT NULL,
  `Κωδ_συνδρομής` tinyint unsigned NOT NULL,
  PRIMARY KEY (`Αριθμός_συνδρομής`),
  KEY `Συνδρομή_fk0` (`Κωδ_μέλους`),
  KEY `Συνδρομή_fk1` (`Κωδ_συνδρομής`),
  CONSTRAINT `Συνδρομή_fk0` FOREIGN KEY (`Κωδ_μέλους`) REFERENCES `μέλος` (`Κωδικός_μέλους`) ON DELETE CASCADE,
  CONSTRAINT `Συνδρομή_fk1` FOREIGN KEY (`Κωδ_συνδρομής`) REFERENCES `επιλογές_συνδρομής` (`Κωδικός_συνδρομής`)
) ENGINE=InnoDB AUTO_INCREMENT=456732547 DEFAULT CHARSET=utf8mb3 COLLATE=utf8_unicode_ci;
/*!40101 SET character_set_client = @saved_cs_client */;

--
-- Dumping data for table `συνδρομή`
--

LOCK TABLES `συνδρομή` WRITE;
/*!40000 ALTER TABLE `συνδρομή` DISABLE KEYS */;
INSERT INTO `συνδρομή` VALUES (734554,'2022-01-15 01:47:58','2022-03-27 00:00:00',33292346,4),(1984653,'2022-01-15 01:47:58','2019-06-20 00:00:00',94534,2),(2367234,'2022-01-15 01:47:58','2020-03-20 00:00:00',27346663,2),(3262344,'2022-01-15 01:47:58','2023-01-09 00:00:00',934632,6),(4573452,'2022-01-15 01:47:58','2022-07-04 19:06:00',33398844,4),(5466234,'2022-01-15 01:47:58','2022-01-20 00:00:00',934632,6),(8381373,'2022-01-15 01:47:58','2018-05-10 00:00:00',782347,3),(20173338,'2022-01-15 01:47:58','2022-05-05 00:00:00',345345,5),(83725493,'2022-01-15 01:47:58','2022-01-19 00:00:00',32638,5),(98247723,'2022-01-15 01:47:58','2022-05-20 00:00:00',26393,6),(123123822,'2022-01-15 01:47:58','2023-01-04 00:00:00',32638,6),(456732546,'2022-01-15 01:47:58','2017-12-23 00:00:00',1953453,4);
/*!40000 ALTER TABLE `συνδρομή` ENABLE KEYS */;
UNLOCK TABLES;

--
-- Table structure for table `τηλ_μέλους`
--

DROP TABLE IF EXISTS `τηλ_μέλους`;
/*!40101 SET @saved_cs_client     = @@character_set_client */;
/*!50503 SET character_set_client = utf8mb4 */;
CREATE TABLE `τηλ_μέλους` (
  `Αρ_Τηλ` varchar(18) CHARACTER SET utf8 COLLATE utf8_unicode_ci NOT NULL,
  `ID_μέλους` int unsigned NOT NULL,
  PRIMARY KEY (`Αρ_Τηλ`,`ID_μέλους`),
  KEY `Τηλ_Μέλους_fk0` (`ID_μέλους`),
  CONSTRAINT `Τηλ_Μέλους_fk0` FOREIGN KEY (`ID_μέλους`) REFERENCES `μέλος` (`Κωδικός_μέλους`) ON DELETE CASCADE ON UPDATE CASCADE
) ENGINE=InnoDB DEFAULT CHARSET=utf8mb3 COLLATE=utf8_unicode_ci;
/*!40101 SET character_set_client = @saved_cs_client */;

--
-- Dumping data for table `τηλ_μέλους`
--

LOCK TABLES `τηλ_μέλους` WRITE;
/*!40000 ALTER TABLE `τηλ_μέλους` DISABLE KEYS */;
INSERT INTO `τηλ_μέλους` VALUES ('6990498887',26393),('6987788903',32638),('6900192837',94534),('24172983',144634),('24583122',345345),('6933335534',532932),('6930192834',549733),('6999837283',782347),('6930293843',837648),('+308298377483',923443),('26475900',927236),('6909349393',934632),('6900029384',1119483),('24573822',1953453),('24829483',2283573),('25485988',3329283),('6938293493',3926663),('6938294838',5553883),('+306039201943',20646643),('6920382756',22499383),('6983849282',22938463),('6092173566',23499992),('27583003',27346663),('24657818',32299923),('6933302039',33044883),('6933456666',33292346),('6093847381',33398844);
/*!40000 ALTER TABLE `τηλ_μέλους` ENABLE KEYS */;
UNLOCK TABLES;

--
-- Dumping routines for database 'library_test'
--

--
-- Final view structure for view `θέσεις_βιβλίων`
--

/*!50001 DROP VIEW IF EXISTS `θέσεις_βιβλίων`*/;
/*!50001 SET @saved_cs_client          = @@character_set_client */;
/*!50001 SET @saved_cs_results         = @@character_set_results */;
/*!50001 SET @saved_col_connection     = @@collation_connection */;
/*!50001 SET character_set_client      = utf8mb4 */;
/*!50001 SET character_set_results     = utf8mb4 */;
/*!50001 SET collation_connection      = utf8mb4_0900_ai_ci */;
/*!50001 CREATE ALGORITHM=UNDEFINED */
/*!50013 DEFINER=`root`@`localhost` SQL SECURITY DEFINER */
/*!50001 VIEW `θέσεις_βιβλίων` AS select `all_books`.`ISBN` AS `ISBN`,`all_books`.`Αριθμός_αντιτύπου` AS `Αριθμός_αντιτύπου`,`all_books`.`Κωδικός_Βιβλιοθήκης` AS `Κωδικός_Βιβλιοθήκης`,(case when ((`δανεισμός`.`Κωδικός_δανεισμού` is null) and (`all_books`.`Κωδικός_μεταφοράς` is null)) then `all_books`.`Κωδικός_Βιβλιοθήκης` when ((`δανεισμός`.`Κωδικός_δανεισμού` is not null) and (`all_books`.`Κωδικός_μεταφοράς` is null)) then `δανεισμός`.`Βιβλιοθήκη_καταχώρησης_επιστροφής` when ((`δανεισμός`.`Κωδικός_δανεισμού` is null) and (`all_books`.`Κωδικός_μεταφοράς` is not null)) then (case when (`moved`.`Κατάσταση_παραλαβής` = 0) then NULL when (`moved`.`Κατάσταση_παραλαβής` = 1) then `moved`.`Κωδικός_Βιβλιοθήκης_προορισμού` end) when ((`δανεισμός`.`Κωδικός_δανεισμού` is not null) and (`all_books`.`Κωδικός_μεταφοράς` is not null)) then (case when (`δανεισμός`.`Ημερομηνία_που_επιστράφηκε` >= `moved`.`date_moved`) then `δανεισμός`.`Βιβλιοθήκη_καταχώρησης_επιστροφής` when (`δανεισμός`.`Ημερομηνία_που_επιστράφηκε` < `moved`.`date_moved`) then `moved`.`Κωδικός_Βιβλιοθήκης_προορισμού` end) end) AS `Βιβλιοθήκη_τώρα`,if(((`δανεισμός`.`Κωδικός_δανεισμού` is null) and (`all_books`.`Κωδικός_μεταφοράς` is not null) and (`moved`.`Κατάσταση_παραλαβής` = 0)),'5',NULL) AS `Μεταφέρεται_σε`,if(((`δανεισμός`.`Κωδικός_δανεισμού` is not null) and (`all_books`.`Κωδικός_μεταφοράς` is null) and (`δανεισμός`.`Βιβλιοθήκη_καταχώρησης_επιστροφής` is null)),`δανεισμός`.`Κωδικός_μέλους`,NULL) AS `Δανεισμένο_σε` from (((select `books_and_borrows`.`ISBN` AS `ISBN`,`books_and_borrows`.`Αριθμός_αντιτύπου` AS `Αριθμός_αντιτύπου`,`books_and_borrows`.`Κωδικός_Βιβλιοθήκης` AS `Κωδικός_Βιβλιοθήκης`,max(`books_and_borrows`.`Κωδικός_δανεισμού`) AS `Κωδικός_δανεισμού`,max(`moved`.`Κωδικός_μεταφοράς`) AS `Κωδικός_μεταφοράς` from ((select `αντίτυπο`.`ISBN` AS `ISBN`,`αντίτυπο`.`Αριθμός_αντιτύπου` AS `Αριθμός_αντιτύπου`,`αντίτυπο`.`Κωδικός_Βιβλιοθήκης` AS `Κωδικός_Βιβλιοθήκης`,`δανεισμός`.`Κωδικός_δανεισμού` AS `Κωδικός_δανεισμού`,`δανεισμός`.`Ημερομηνία_που_επιστράφηκε` AS `Ημερομηνία_που_επιστράφηκε` from (`αντίτυπο` left join `δανεισμός` on(((`αντίτυπο`.`ISBN` = `δανεισμός`.`ISBN`) and (`αντίτυπο`.`Αριθμός_αντιτύπου` = `δανεισμός`.`Αρ_αντιτύπου`) and (`αντίτυπο`.`Κωδικός_Βιβλιοθήκης` = `δανεισμός`.`Κωδικός_βιβλιοθήκης_αντιτύπου`))))) `books_and_borrows` left join (select `περιέχει`.`ISBN` AS `ISBN`,`περιέχει`.`Κωδ_Βιβλιοθήκης` AS `Κωδ_βιβλιοθήκης`,`περιέχει`.`Αρ_αντιτύπου` AS `Αρ_αντιτύπου`,`μεταφορά`.`Κωδικός_μεταφοράς` AS `Κωδικός_μεταφοράς` from (`μεταφορά` join `περιέχει`) where (`μεταφορά`.`Κωδικός_μεταφοράς` = `περιέχει`.`Κωδ_μεταφοράς`)) `moved` on(((`books_and_borrows`.`ISBN` = `moved`.`ISBN`) and (`books_and_borrows`.`Αριθμός_αντιτύπου` = `moved`.`Αρ_αντιτύπου`) and (`books_and_borrows`.`Κωδικός_Βιβλιοθήκης` = `moved`.`Κωδ_βιβλιοθήκης`)))) group by `books_and_borrows`.`ISBN`,`books_and_borrows`.`Αριθμός_αντιτύπου`,`books_and_borrows`.`Κωδικός_Βιβλιοθήκης`) `all_books` left join `δανεισμός` on(((`all_books`.`ISBN` = `δανεισμός`.`ISBN`) and (`all_books`.`Αριθμός_αντιτύπου` = `δανεισμός`.`Αρ_αντιτύπου`) and (`all_books`.`Κωδικός_Βιβλιοθήκης` = `δανεισμός`.`Κωδικός_βιβλιοθήκης_αντιτύπου`) and (`all_books`.`Κωδικός_δανεισμού` = `δανεισμός`.`Κωδικός_δανεισμού`)))) left join (select `περιέχει`.`ISBN` AS `ISBN`,`περιέχει`.`Κωδ_Βιβλιοθήκης` AS `Κωδ_βιβλιοθήκης`,`περιέχει`.`Αρ_αντιτύπου` AS `Αρ_αντιτύπου`,`μεταφορά`.`Ημερομηνία` AS `date_moved`,`μεταφορά`.`Κατάσταση_παραλαβής` AS `Κατάσταση_παραλαβής`,`περιέχει`.`Κωδ_μεταφοράς` AS `Κωδ_μεταφοράς`,`μεταφορά`.`Κωδικός_Βιβλιοθήκης_προορισμού` AS `Κωδικός_Βιβλιοθήκης_προορισμού` from (`μεταφορά` join `περιέχει`) where (`μεταφορά`.`Κωδικός_μεταφοράς` = `περιέχει`.`Κωδ_μεταφοράς`)) `moved` on(((`all_books`.`ISBN` = `moved`.`ISBN`) and (`all_books`.`Αριθμός_αντιτύπου` = `moved`.`Αρ_αντιτύπου`) and (`all_books`.`Κωδικός_Βιβλιοθήκης` = `moved`.`Κωδ_βιβλιοθήκης`) and (`all_books`.`Κωδικός_μεταφοράς` = `moved`.`Κωδ_μεταφοράς`)))) */;
/*!50001 SET character_set_client      = @saved_cs_client */;
/*!50001 SET character_set_results     = @saved_cs_results */;
/*!50001 SET collation_connection      = @saved_col_connection */;
/*!40103 SET TIME_ZONE=@OLD_TIME_ZONE */;

/*!40101 SET SQL_MODE=@OLD_SQL_MODE */;
/*!40014 SET FOREIGN_KEY_CHECKS=@OLD_FOREIGN_KEY_CHECKS */;
/*!40014 SET UNIQUE_CHECKS=@OLD_UNIQUE_CHECKS */;
/*!40101 SET CHARACTER_SET_CLIENT=@OLD_CHARACTER_SET_CLIENT */;
/*!40101 SET CHARACTER_SET_RESULTS=@OLD_CHARACTER_SET_RESULTS */;
/*!40101 SET COLLATION_CONNECTION=@OLD_COLLATION_CONNECTION */;
/*!40111 SET SQL_NOTES=@OLD_SQL_NOTES */;

-- Dump completed on 2022-01-15  6:10:25
