
/*!50503 SET NAMES utf8mb4 */;

--
-- Dumping data for table `Βιβλιοθήκη`
--

INSERT INTO `Βιβλιοθήκη` (`Κωδικός_Βιβλιοθήκης`, `Όνομα`, `Οδός`, `ΤΚ`, `Πόλη`, `Κωδικός_πρόσβασης`) VALUES
(1, 'ΔΑΝΕΙΣΤΙΚΗ ΒΙΒΛΙΟΘΗΚΗ ΑΘΗΝΩΝ', 'ΧΕΙΡΩΝΟΣ 238', 37299, 'ΑΘΗΝΑ', '$2b$10$BylfE3/Nz0uXvHczfpBDfOXfsGgVMK72pBDytsJSHG2qAybH8PIa2'),
(2, 'ΑΠΟΚΕΝΤΡΗ ΒΙΒΛΙΟΘΗΚΗ ΑΘΗΝΩΝ', 'ΚΙΑΦΑΣ 32', 23423, 'ΑΘΗΝΑ', '$2b$10$6ZKVObAZEyIJNpNSrtzhae7AkCHg9tStSiAL6jyFcHobVJ6.ddI8C'),
(3, 'ΒΙΒΛΙΟΘΗΚΗ ΠΑΤΡΩΝ 1987', 'ΘΕΤΙΔΩΣ 333', 74356, 'ΠΑΤΡΑ', '$2b$10$k5kxbvLOX2YLSM2e0rVNdOTACiT58bk/vG.iRi.nCwcJ25VrgCp9W'),
(4, 'ΒΙΒΛΙΟΘΗΚΗ ΕΜΠΟΡΙΚΟΥ Κ. ΘΕΣΣΑΛΟΝΙΚΗΣ', 'ΕΡΜΙΠΤΟΥ 221', 98467, 'ΘΕΣΣΑΛΟΝΙΚΗ', '$2b$10$z1/yMDPZDHCDwHt5L8k6gelaWuujxH86CCCShHQNYU8L8lwJfECmS'),
(5, 'ΔΑΝΕΙΣΤΙΚΗ ΒΙΒΛΙΟΘΗΚΗ ΧΑΝΙΩΝ', 'ΕΠΙΧΑΡΜΟΥ 326', 87476, 'ΧΑΝΙΑ', '$2b$10$0Dy7c6LOjalpvCQtahVhAenO2/d4PAbaAxqrqvyTrblYfdiTF1poK');

-- --------------------------------------------------------

--
-- Dumping data for table `Μέλος`
--

INSERT INTO `Μέλος` (`Κωδικός_μέλους`, `Όνομα`, `Επίθετο`, `Οδός`, `Πόλη`, `ΤΚ`, `email`, `Κωδικός_πρόσβασης`) VALUES
(26393, 'ΜΕΝΙΑ', 'ΜΙΧΑΗΛΙΔΟΥ', 'ΔΕΛΦΩΝ 292', 'ΑΘΗΝΑ', 13463, 'menia@gmail.com', '1234214@#g'),
(32638, 'ΧΡΥΣΑ', 'ΝΙΚΟΛΑΚΟΠΟΥΛΟΥ', 'ΓΟΥΝΑΡΑΚΗ 21', 'ΙΩΑΝΝΙΝΑ', 11111, 'xrysa@gmail.com', '2345345*g'),
(94534, 'ΕΥΑ', 'ΚΗΤΣΟΥ', 'ΑΙΓΛΗΣ  33', 'ΑΘΗΝΑ', 11111, 'eva@gmail.com', 'hbhj&GYBUJ'),
(144634, 'ΓΙΑΝΝΗΣ', 'ΓΕΩΡΓΙΟΥ', 'ΑΘΑΜΑΝΙΑΣ 22', 'ΘΕΣΣΑΛΟΝΙΚΗ', 13423, 'giannhs@yahoo.com', 'VGY%^7'),
(345345, 'ΝΙΚΟΣ', 'ΠΑΠΑΜΙΧΑΗΛ', 'ΑΓΑΘΙΟΥ 89', 'ΠΑΤΡΑ', 22652, 'nikos@gmail.com', 'NHGVGHU656&*I'),
(532932, 'ΔΗΜΗΤΡΗΣ', 'ΚΟΥΡΑΚΗΣ', 'ΓΕΜΙΝΟΥ 102', 'ΙΣΤΙΑΙΑ', 94366, 'dimitris@company.com', 'VGGHU5r67yBJ(*7'),
(549733, 'ΒΙΚΤΩΡΙΑ', 'ΕΛΕΥΘΕΡΙΑΔΟΥ', 'ΥΔΡΑΣ 39', 'ΑΡΤΑ', 11111, 'viktwria@company.com', ' CDW@#'),
(782347, 'ΜΑΝΩΛΗΣ', 'ΖΑΝΟΣ', 'ΕΚΑΛΗΣ 22', 'ΑΘΗΝΑ', 11111, 'manwlhs@yahoo.com', 'S!@#$%TG'),
(837648, 'ΣΠΥΡΟΣ', 'ΠΑΠΑΜΙΧΑΗΛ', 'ΑΝΥΜΕΔΟΝΤΟΣ 20', 'ΒΟΛΟΣ', 75435, 'spyros@companyname.com', 'GFG54567TFGh'),
(923443, 'ΣΑΡΑΝΤΗΣ', 'ΧΡΗΣΤΟΠΟΥΛΟΣ', 'ΔΑΜΙΡΑΛΗ 282', 'ΒΟΛΟΣ', 11111, 'saranths@companyname.gr', 'BVFE#$%^'),
(927236, 'ΠΕΤΡΟΣ', 'ΓΕΩΡΓΑΚΟΠΟΥΛΟΣ', 'ΑΚΑΣΤΟΥ 98', 'ΠΑΤΡΑ', 64565, 'petros@compamyname.com', 'GFE$%^&'),
(934632, 'ΦΑΝΗ', 'ΑΘΑΝΑΣΙΟΥ', 'ΖΗΛΩΝ 152', 'ΒΟΛΟΣ', 23455, 'fanh@gmail.com', 'NBGF#$%^'),
(1119483, 'ΣΠΥΡΙΔΟΥΛΑ', 'ΘΑΝΟΥ', 'ΕΡΑΤΥΡΑΣ 32', 'ΑΘΗΝΑ', 45765, 'spyridoula@outlook.com', 'NGFDE#$%'),
(1953453, 'ΓΕΩΡΓΙΑ', 'ΣΤΑΥΡΟΥ', 'ΒΟΥΚΟΥΡΕΣΤΙΟΥ 10', 'ΗΓΟΥΜΕΝΙΤΣΑ', 76345, 'gewrgia@company.com', 'GFDW@#$%^\\'),
(2283573, 'ΚΩΣΤΑΣ', 'ΓΟΥΔΗΣ', 'ΕΥΒΟΙΑΣ 199', 'ΠΑΤΡΑ', 64562, 'kwstas@company.com', 'gfds34%^\\'),
(3329283, 'ΜΙΛΤΟΣ', 'ΗΛΙΑΔΗΣ', 'ΘΕΡΙΣΟΥ 56', 'ΘΕΣΣΑΛΟΝΙΚΗ', 11111, 'miltos@outlook.com', 'r4324tfgsdfg'),
(3926663, 'ΛΟΥΚΑΣ', 'ΑΛΕΞΙΟΥ', 'ΗΡΑΚΛΕΟΥΣ 143', 'ΗΓΟΥΜΕΝΙΤΣΑ', 87676, 'loukas@yahoo.com', '52345gsdg'),
(5553883, 'ΒΑΣΙΛΙΚΗ', 'ΑΡΓΥΡΑΚΗ', 'ΦΙΛΙΝΟΥ 46', 'ΜΕΣΟΛΟΓΓΙ', 34233, 'vasw@gmail.com', '4523erdsfg'),
(20646643, 'ΠΑΝΟΣ', 'ΑΝΤΩΝΙΑΔΗΣ', 'ΘΕΜΙΣΚΥΡΑΣ 21', 'ΧΑΝΙΑ', 11111, 'panos@gmail.com', 'g31retgergdf'),
(22499383, 'ΑΘΗΝΑ', 'ΔΟΞΑΡΑ', 'ΤΑΥΡΙΔΟΣ 38', 'ΣΕΡΡΕΣ', 2346, 'athhna@company.com', 'rhjhgt^*j'),
(22938463, 'ΘΑΛΕΙΑ', 'ΓΕΡΜΑΝΟΥ', 'ΧΑΝΣΕΝ 188', 'ΠΑΤΡΑ', 92346, 'thaleia@company.gr', 'jhgd$%^&h'),
(23499992, 'ΚΩΝΣΤΑΝΤΙΝΑ', 'ΕΥΘΥΜΙΑΔΟΥ', 'ΙΚΑΡΙΑΣ 34', 'ΚΑΛΑΜΑΤΑ', 74003, 'kwnst@company.gr', 'hgfrtyuh%^'),
(27346663, 'ΜΕΝΕΛΑΟΣ', 'ΑΝΔΡΕΑΔΗΣ', 'ΙΑΚΧΟΥ 26', 'ΚΑΒΑΛΑ', 23455, 'menelaos@company.gr', 'jfdh65yhr'),
(32299923, 'ΖΗΣΗΣ', 'ΖΕΡΒΟΣ', 'ΙΒΥΚΟΥ 63', 'ΛΑΜΙΑ', 96578, 'zisis@company.gr', 'gdfg54gfg'),
(33044883, 'ΣΟΦΙΑ', 'ΚΟΚΚΙΝΑΚΗ', 'ΚΑΛΛΙΠΟΥ 183', 'ΞΑΝΘΗ', 33726, 'sofia@company.gr', 'bvcxb45'),
(33292346, 'ΣΑΒΒΑΣ', 'ΙΩΑΝΝΟΥ', 'ΘΥΑΜΙΔΟΣ 98', 'ΛΑΡΙΣΑ', 73455, 'savvas@gmail.com', 'vfxcv35yghf'),
(33398844, 'ΖΩΗ', 'ΔΗΜΑΚΟΠΟΥΛΟΥ', 'ΧΙΜΑΙΡΑΣ 322', 'ΙΩΑΝΝΙΝΑ', 34023, 'zwh@gmail.com', '567^&^&hh'),
(33398864, 'e', 'e', 'e', 'e', 11111, 'e@e', '$2b$10$jIbzG5HFKjTGXaqIs1iD8.m5Exrf0psD42aKzIhw15uhsB8quKaTG');

-- --------------------------------------------------------

--
-- Dumping data for table `Έντυπο`
--

INSERT INTO `Έντυπο` (`ISBN`, `Τίτλος`, `Εκδοτικός_οίκος`, `Έκδοση`, `Ημερομηνία_Έκδοσης`, `DDC`, `Σελίδες`) VALUES
(9780070057791, 'Data mining with neural networks: solving business problems--from application development to decision support', 'McGraw-Hill', NULL, '1996', '658.4/038/028563 ', NULL),
(9780071347778, 'Cisco Packetized Voice and Data Integration', 'Addison-Wesley Professional', NULL, '1999', '004.6 ', NULL),
(9780131776913, 'Electrical machines, drives, and power systems', 'Pearson', '6', '2005', NULL, 934),
(9780139460531, 'Waves and Fields in Optoelectronics', 'Prentice Hall', 'PH', '1983', '621.36/6 ', NULL),
(9780201513769, 'Neural networks, algorithms, applications, and programming techniques', 'Addison-Wesley Pub (Sd)', NULL, '1991', '006.3 ', NULL),
(9780470484135, 'Fundamentals of Wavelets', 'Wiley', '1', '2010', NULL, NULL),
(9780470850978, 'Web Server Programming', 'Wiley', NULL, '2003', NULL, NULL),
(9780792350378, 'Fluctuations, information, gravity and the quantum potential', 'Springer', NULL, '2006', '512/.57 ', NULL),
(9780898711875, 'Data structures and network algorithms', 'Industrial and Applied Mathematics', NULL, '1987', '001.64/2 ', NULL),
(9781107024137, 'Acquisition and Analysis of Terrestrial Gravity Data', 'Cambridge University Press', NULL, '2013', NULL, NULL),
(9783540575214, 'Quantum gravity, quantum cosmology and Lorentzian geometries', 'Springer-Verlag', '2nd ', '1994', '531/.14 ', NULL);

-- --------------------------------------------------------

--
-- Dumping data for table `Ανήκει`
--

INSERT INTO `Ανήκει` (`Βιβλιοθήκη`, `Κωδ_Μέλους`) VALUES
(4, 26393),
(2, 32638),
(2, 94534),
(5, 144634),
(1, 532932),
(2, 782347),
(3, 837648),
(4, 923443),
(2, 927236),
(1, 934632),
(2, 934632),
(3, 1119483),
(1, 1953453),
(4, 2283573),
(5, 3329283),
(2, 3926663),
(5, 5553883),
(1, 20646643),
(2, 22499383),
(4, 22938463),
(3, 27346663),
(4, 27346663),
(3, 32299923),
(3, 33044883),
(1, 33398844);

-- --------------------------------------------------------

--
-- Dumping data for table `Αντίτυπο`
--

INSERT INTO `Αντίτυπο` (`ISBN`, `Αριθμός_αντιτύπου`, `Κωδικός_Βιβλιοθήκης`) VALUES
(9780071347778, 9567777, 2, 2),
(9780131776913, 835676767, 1, 2),
(9780139460531, 555587, 5, 1),
(9780139460531, 7362546, 4, 5),
(9780139460531, 76536799, 2, 3),
(9780139460531, 835676766, 4, 2),
(9780201513769, 234234, 3, 5),
(9780201513769, 79465726, 5, 5),
(9780792350378, 564562, 4, 3),
(9780792350378, 4234324, 3, 3),
(9780898711875, 98356, 5, 1),
(9780898711875, 423647, 5, 4),
(9780898711875, 5682835, 2, 5),
(9780898711875, 56765622, 5, 1),
(9780898711875, 73322244, 5, 1),
(9781107024137, 967487, 2, 1),
(9781107024137, 7245756, 4, 4),
(9783540575214, 83567, 2, 1),
(9783540575214, 253454, 1, 2),
(9783540575214, 345345, 1, 4),
(9783540575214, 735654, 2, 2),
(9783540575214, 985676, 3, 3),
(9783540575214, 2453454, 1, 1),
(9783540575214, 4578245, 3, 2),
(9783540575214, 7456745, 1, 3),
(9783540575214, 9873456, 1, 4);

-- --------------------------------------------------------

--
-- Dumping data for table `Αρ_Τηλ_Βιβλιοθήκης`
--

INSERT INTO `Αρ_Τηλ_Βιβλιοθήκης` (`Κωδικός_Βιβλιοθήκης`, `Τηλέφωνο_Βιβλ`) VALUES
(1, '27493830'),
(1, '27895004'),
(2, '27895003'),
(3, '25839217'),
(4, '26773009'),
(5, '27584037');

-- --------------------------------------------------------

--
-- Dumping data for table `Δανεισμός`
--

INSERT INTO `Δανεισμός` (`Κωδικός_δανεισμού`, `Κωδικός_μέλους`, `ISBN`, `Αρ_αντιτύπου`, `Ημερομηνία_που_επιστράφηκε`, `Βιβλιοθήκη_καταχώρησης_δανεισμού`, `Βιβλιοθήκη_καταχώρησης_επιστροφής`, `Κωδικός_βιβλιοθήκης_αντιτύπου`) VALUES
(1, 934632, 9780071347778, 9567777, NULL, 2, NULL, 2),
(2, 94534, 9780139460531, 555587, NULL, 2, NULL, 5),
(3, 94534, 9780201513769, 234234, NULL, 4, NULL, 3),
(4, 32638, 9783540575214, 345345, '2022-01-05 00:00:00', 4, 1, 1),
(5, 1953453, 9783540575214, 4578245, NULL, 3, NULL, 3),
(6, 1953453, 9780898711875, 83567, '2022-01-05 00:00:00', 4, 3, 2),
(9, 33398844, 9780139460531, 835676766, '2020-04-03 00:00:00', 4, 1, 4),
(10, 3926663, 9783540575214, 9873456, NULL, 1, NULL, 1),
(11, 3329283, 9783540575214, 9873456, '2021-01-21 00:00:00', 1, 1, 1);

-- --------------------------------------------------------

--
-- Dumping data for table `Επιλέγει`
--

INSERT INTO `Επιλέγει` (`Κωδ_μέλους`, `Όνομα_κατηγορίας`) VALUES
(923443, 'ΔΕΔΟΜΕΝΑ'),
(934632, 'ΔΕΔΟΜΕΝΑ'),
(22499383, 'ΔΕΔΟΜΕΝΑ'),
(27346663, 'ΔΕΔΟΜΕΝΑ'),
(345345, 'ΔΙΚΤΥΑ'),
(22938463, 'ΔΙΚΤΥΑ'),
(33044883, 'ΔΙΚΤΥΑ'),
(3926663, 'ΕΠΙΣΤΗΜΗ'),
(32299923, 'ΕΠΙΣΤΗΜΗ'),
(33398844, 'ΕΠΙΣΤΗΜΗ'),
(549733, 'ΗΛΕΚΤΡΟΝΙΚΗ'),
(923443, 'ΗΛΕΚΤΡΟΝΙΚΗ'),
(934632, 'ΗΛΕΚΤΡΟΝΙΚΗ'),
(3926663, 'ΗΛΕΚΤΡΟΝΙΚΗ'),
(923443, 'ΚΒΑΝΤΙΚΗ ΦΥΣΙΚΗ'),
(927236, 'ΚΒΑΝΤΙΚΗ ΦΥΣΙΚΗ'),
(3926663, 'ΚΒΑΝΤΙΚΗ ΦΥΣΙΚΗ'),
(94534, 'ΠΡΟΓΡΑΜΜΑΤΙΣΜΟΣ'),
(27346663, 'ΠΡΟΓΡΑΜΜΑΤΙΣΜΟΣ'),
(33398844, 'ΠΡΟΓΡΑΜΜΑΤΙΣΜΟΣ');

-- --------------------------------------------------------

--
-- Dumping data for table `Επιλογές_Συνδρομής`
--

INSERT INTO `Επιλογές_Συνδρομής` (`Κωδικός_συνδρομής`, `Διάρκεια`, `Τιμή`, `Διάρκεια_δανεισμού`, `Επιβάρυνση_καθυστέρησης_ασυνέπειας`, `Όριο_δανεισμών`) VALUES
(1, 1, 4, '10', 1, 1),
(2, 2, 6, '15', 0.9, 2),
(3, 3, 7.5, '20', 0.8, 3),
(4, 6, 9, '25', 0.7, 4),
(5, 9, 10, '30', 0.6, 6),
(6, 12, 11, '38', 0.4, 8);

-- --------------------------------------------------------

--
-- Dumping data for table `Κατηγορία`
--

INSERT INTO `Κατηγορία` (`Κωδικός`, `Όνομα`) VALUES
(1, 'ΔΕΔΟΜΕΝΑ'),
(2, 'ΔΙΚΤΥΑ'),
(3, 'ΕΠΙΣΤΗΜΗ'),
(4, 'ΗΛΕΚΤΡΟΝΙΚΗ'),
(5, 'ΚΒΑΝΤΙΚΗ ΦΥΣΙΚΗ'),
(6, 'ΠΡΟΓΡΑΜΜΑΤΙΣΜΟΣ'),
(13, 'ΒΙΟΓΡΑΦΙΕΣ ΚΑΙ ΜΑΡΤΥΡΙΕΣ'),
(14, 'ΔΟΚΙΜΙΑ'),
(15, 'ΠΟΛΙΤΙΚΑ ΒΙΒΛΙΑ'),
(16, 'ΦΙΛΟΣΟΦΙΑ');

-- --------------------------------------------------------

--
-- Dumping data for table `Κράτηση`
--

INSERT INTO `Κράτηση` (`Μέλος`, `ISBN`, `Βιβλιοθήκη_κράτησης`, `Κατάσταση_ολοκλήρωσης`) VALUES
-- (94534, 9783540575214, 3, 0),
-- (5553883, 9783540575214, 1, 0),
-- (1953453, 9783540575214, 1, 1),
-- (22499383, 9783540575214, 1, 0),
-- (94534, 9783540575214, 3, 0),
-- (32299923, 9783540575214, 1, 0),
-- (3329283, 9783540575214, 2, 0),
(33398864, 9780139460531, 1, 0);

-- --------------------------------------------------------

--
-- Dumping data for table `Μεταφορά`
--

INSERT INTO `Μεταφορά` (`Κωδικός_μεταφοράς`, `Κωδικός_Βιβλιοθήκης_προορισμού`, `Βιβλιοθήκη_προέλευσης`, `Κατάσταση_παραλαβής`) VALUES
(53688, 5, 1, 0),
(928363, 5, 4, 0),
(1231243, 1, 2, 1),
(2734453, 2, 5, 0),
(2838238, 1, 3, 0),
(9373623, 3, 4, 0),
(37326238, 4, 2, 0),
(932846239, 3, 1, 1);

-- --------------------------------------------------------

--
-- Dumping data for table `Περιλαμβλανει`
--

INSERT INTO `Περιλαμβλανει` (`ISBN`, `Κατηγορία`) VALUES
(9780071347778, 1),
(9780470850978, 1),
(9780792350378, 1),
(9780898711875, 1),
(9780201513769, 2),
(9780470850978, 2),
(9780898711875, 2),
(9780071347778, 3),
(9780139460531, 3),
(9780201513769, 3),
(9780470850978, 3),
(9780792350378, 3),
(9780898711875, 3),
(9781107024137, 3),
(9783540575214, 3),
(9780139460531, 4),
(9783540575214, 5),
(9780201513769, 6),
(9780898711875, 6);

-- --------------------------------------------------------

--
-- Dumping data for table `Συγγραφείς`
--

INSERT INTO `Συγγραφείς` (`Συγγραφέας`, `ISBN`) VALUES
('Joseph P. Bigus', 9780070057791),
('Robert Caputo', 9780071347778),
('Theodore Wildi', 9780131776913),
('Hermann A. Haus', 9780139460531),
('David M. Skapura', 9780201513769),
('James A. Freeman', 9780201513769),
('Neil Gray', 9780470850978),
(' Klaus Habetha', 9780792350378),
('Gerhard Jank', 9780792350378),
('Volker Dietrich', 9780792350378),
('Robert Endre Tarjan', 9780898711875),
('Leland Timothy Long', 9781107024137),
('Ronald Douglas Kaufmann', 9781107024137),
('Giampiero Esposito', 9783540575214);

-- --------------------------------------------------------

--
-- Dumping data for table `Συνδρομή`
--

INSERT INTO `Συνδρομή` (`Αριθμός_συνδρομής`, `Κωδ_μέλους`, `Κωδ_συνδρομής`) VALUES
(734554, 33292346, 4),
(1984653, 94534, 2),
(2367234, 27346663, 2),
(3262344, 934632, 6),
(4573452, 33398844, 4),
(5466234, 934632, 6),
(8381373, 782347, 3),
(20173338, 345345, 5),
(83725493, 32638, 5),
(98247723, 26393, 6),
(123123822, 32638, 6),
(456732546, 1953453, 4),
(456732547, 3329283, 3),
(456732548, 3926663, 3),
(456732549, 33398864, 1);

-- --------------------------------------------------------

--
-- Dumping data for table `Τηλ_Μέλους`
--

INSERT INTO `Τηλ_Μέλους` (`Αρ_Τηλ`, `ID_μέλους`) VALUES
('0000000000', 26393),
('6990498887', 26393),
('6987788903', 32638),
('6900192837', 94534),
('24172983', 144634),
('24583122', 345345),
('6933335534', 532932),
('6930192834', 549733),
('6999837283', 782347),
('6930293843', 837648),
('+308298377483', 923443),
('26475900', 927236),
('6909349393', 934632),
('6900029384', 1119483),
('24573822', 1953453),
('24829483', 2283573),
('25485988', 3329283),
('6938293493', 3926663),
('6938294838', 5553883),
('+306039201943', 20646643),
('0000000001', 22499383),
('2', 22499383),
('6920382756', 22499383),
('6983849282', 22938463),
('6092173566', 23499992),
('27583003', 27346663),
('24657818', 32299923),
('6933302039', 33044883),
('6933456666', 33292346),
('6093847381', 33398844);

-- --------------------------------------------------------

--
-- Dumping data for table `Περιέχει`
--

INSERT INTO `Περιέχει` (`ISBN`, `Αρ_αντιτύπου`, `Κωδ_Βιβλιοθήκης`, `Κωδ_μεταφοράς`) VALUES
(9783540575214, 253454, 1, 53688),
(9783540575214, 2453454, 1, 932846239),
(9780898711875, 5682835, 2, 1231243);

